AALAND ISLANDS                              ;AX;ALA;248;
AFGHANISTAN                                 ;AF;AFG;004;27,657,145
ALBANIA                                     ;AL;ALB;008;2,876,591
ALGERIA                                     ;DZ;DZA;012;40,400,000
AMERICAN SAMOA                              ;AS;ASM;016;57,100
ANDORRA                                     ;AD;AND;020;78,014
ANGOLA                                      ;AO;AGO;024;28,359,634
ANGUILLA                                    ;AI;AIA;660;13,452
ANTARCTICA                                  ;AQ;ATA;010;
ANTIGUA AND BARBUDA                         ;AG;ATG;028;86,295
ARGENTINA                                   ;AR;ARG;032;43,850,000
ARMENIA                                     ;AM;ARM;051;2,986,500
ARUBA                                       ;AW;ABW;533;110,108
AUSTRALIA                                   ;AU;AUS;036;24,414,800
AUSTRIA                                     ;AT;AUT;040;8,773,686
AZERBAIJAN                                  ;AZ;AZE;031;9,810,000
BAHAMAS                                     ;BS;BHS;044;378,040
BAHRAIN                                     ;BH;BHR;048;1,404,900
BANGLADESH                                  ;BD;BGD;050;162,234,000
BARBADOS                                    ;BB;BRB;052;285,000
BELARUS                                     ;BY;BLR;112;9,505,200
BELGIUM                                     ;BE;BEL;056;11,353,461
BELIZE                                      ;BZ;BLZ;084;380,010
BENIN                                       ;BJ;BEN;204;10,653,654
BERMUDA                                     ;BM;BMU;060;61,954
BHUTAN                                      ;BT;BTN;064;785,410
BOLIVIA                                     ;BO;BOL;068;11,145,770
BOSNIA AND HERZEGOWINA                      ;BA;BIH;070;3,531,159
BOTSWANA                                    ;BW;BWA;072;2,230,905
BOUVET ISLAND                               ;BV;BVT;074;
BRAZIL                                      ;BR;BRA;076;207,327,000
BRITISH INDIAN OCEAN TERRITORY              ;IO;IOT;086;
BRUNEI DARUSSALAM                           ;BN;BRN;096;417,200
BULGARIA                                    ;BG;BGR;100;7,153,784
BURKINA FASO                                ;BF;BFA;854;19,632,147
BURUNDI                                     ;BI;BDI;108;10,114,505
CAMBODIA                                    ;KH;KHM;116;15,626,444
CAMEROON                                    ;CM;CMR;120;23,248,044
CANADA                                      ;CA;CAN;124;36,502,000
CAPE VERDE                                  ;CV;CPV;132;531,239
CAYMAN ISLANDS                              ;KY;CYM;136;60,413
CENTRAL AFRICAN REPUBLIC                    ;CF;CAF;140;4,998,000
CHAD                                        ;TD;TCD;148;14,965,000
CHILE                                       ;CL;CHL;152;18,191,900
CHINA                                       ;CN;CHN;156;1,382,490,000
CHRISTMAS ISLAND                            ;CX;CXR;162;2,072
COCOS (KEELING) ISLANDS                     ;CC;CCK;166;550
COLOMBIA                                    ;CO;COL;170;49,165,200
COMOROS                                     ;KM;COM;174;806,153
CONGO, Democratic Republic of (was Zaire)   ;CD;COD;180;82,243,000
CONGO, Republic of                          ;CG;COG;178;4,741,000
COOK ISLANDS                                ;CK;COK;184;18,100
COSTA RICA                                  ;CR;CRI;188;4,890,379
COTE D'IVOIRE                               ;CI;CIV;384;
CROATIA (local name: Hrvatska)              ;HR;HRV;191;4,190,669
CUBA                                        ;CU;CUB;192;11,239,004
CYPRUS                                      ;CY;CYP;196;848,300
CZECH REPUBLIC                              ;CZ;CZE;203;10,578,820
DENMARK                                     ;DK;DNK;208;5,748,769
DJIBOUTI                                    ;DJ;DJI;262;900,000
DOMINICA                                    ;DM;DMA;212;71,293
DOMINICAN REPUBLIC                          ;DO;DOM;214;10,075,045
ECUADOR                                     ;EC;ECU;218;16,712,800
EGYPT                                       ;EG;EGY;818;92,780,300
EL SALVADOR                                 ;SV;SLV;222;6,520,675
EQUATORIAL GUINEA                           ;GQ;GNQ;226;1,222,442
ERITREA                                     ;ER;ERI;232;5,352,000
ESTONIA                                     ;EE;EST;233;1,317,797
ETHIOPIA                                    ;ET;ETH;231;104,345,000
FALKLAND ISLANDS (MALVINAS)                 ;FK;FLK;238;2,563
FAROE ISLANDS                               ;FO;FRO;234;49,994
FIJI                                        ;FJ;FJI;242;869,458
FINLAND                                     ;FI;FIN;246;5,503,879
FRANCE                                      ;FR;FRA;250;66,996,000
FRENCH GUIANA                               ;GF;GUF;254;
FRENCH POLYNESIA                            ;PF;PYF;258;271,800
FRENCH SOUTHERN TERRITORIES                 ;TF;ATF;260;
GABON                                       ;GA;GAB;266;1,811,079
GAMBIA                                      ;GM;GMB;270;1,882,450
GEORGIA                                     ;GE;GEO;268;3,720,400
GERMANY                                     ;DE;DEU;276;82,800,000
GHANA                                       ;GH;GHA;288;28,308,301
GIBRALTAR                                   ;GI;GIB;292;33,140
GREECE                                      ;GR;GRC;300;10,783,748
GREENLAND                                   ;GL;GRL;304;56,186
GRENADA                                     ;GD;GRD;308;103,328
GUADELOUPE                                  ;GP;GLP;312;
GUAM                                        ;GU;GUM;316;184,200
GUATEMALA                                   ;GT;GTM;320;16,176,133
GUINEA                                      ;GN;GIN;324;12,947,000
GUINEA-BISSAU                               ;GW;GNB;624;1,547,777
GUYANA                                      ;GY;GUY;328;746,900
HAITI                                       ;HT;HTI;332;11,078,033
HEARD AND MC DONALD ISLANDS                 ;HM;HMD;334;
HONDURAS                                    ;HN;HND;340;8,721,014
HONG KONG                                   ;HK;HKG;344;7,374,900
HUNGARY                                     ;HU;HUN;348;9,799,000
ICELAND                                     ;IS;ISL;352;338,450
INDIA                                       ;IN;IND;356;1,314,260,000
INDONESIA                                   ;ID;IDN;360;263,510,000
IRAN (ISLAMIC REPUBLIC OF)                  ;IR;IRN;364;80,037,300
IRAQ                                        ;IQ;IRQ;368;37,883,543
IRELAND                                     ;IE;IRL;372;4,757,976
ISRAEL                                      ;IL;ISR;376;8,671,520
ITALY                                       ;IT;ITA;380;60,589,940
JAMAICA                                     ;JM;JAM;388;2,723,246
JAPAN                                       ;JP;JPN;392;126,760,000
JORDAN                                      ;JO;JOR;400;9,862,750
KAZAKHSTAN                                  ;KZ;KAZ;398;17,945,300
KENYA                                       ;KE;KEN;404;48,467,000
KIRIBATI                                    ;KI;KIR;296;113,400
KOREA, DEMOCRATIC PEOPLE'S REPUBLIC OF      ;KP;PRK;408;24,213,510
KOREA, REPUBLIC OF                          ;KR;KOR;410;51,446,201
KUWAIT                                      ;KW;KWT;414;4,183,658
KYRGYZSTAN                                  ;KG;KGZ;417;6,140,200
LAO PEOPLE'S DEMOCRATIC REPUBLIC            ;LA;LAO;418;6,492,400
LATVIA                                      ;LV;LVA;428;1,950,500
LEBANON                                     ;LB;LBN;422;5,988,000
LESOTHO                                     ;LS;LSO;426;1,916,000
LIBERIA                                     ;LR;LBR;430;4,076,530
LIBYAN ARAB JAMAHIRIYA                      ;LY;LBY;434;6,385,000
LIECHTENSTEIN                               ;LI;LIE;438;37,815
LITHUANIA                                   ;LT;LTU;440;2,835,779
LUXEMBOURG                                  ;LU;LUX;442;576,200
MACAU                                       ;MO;MAC;446;644,900
MACEDONIA, THE FORMER YUGOSLAV REPUBLIC OF  ;MK;MKD;807;2,071,278
MADAGASCAR                                  ;MG;MDG;450;22,434,363
MALAWI                                      ;MW;MWI;454;18,299,000
MALAYSIA                                    ;MY;MYS;458;32,013,200
MALDIVES                                    ;MV;MDV;462;344,023
MALI                                        ;ML;MLI;466;18,875,000
MALTA                                       ;MT;MLT;470;429,344
MARSHALL ISLANDS                            ;MH;MHL;584;54,880
MARTINIQUE                                  ;MQ;MTQ;474;
MAURITANIA                                  ;MR;MRT;478;3,718,678
MAURITIUS                                   ;MU;MUS;480;1,263,747
MAYOTTE                                     ;YT;MYT;175;
MEXICO                                      ;MX;MEX;484;122,273,000
MICRONESIA, FEDERATED STATES OF             ;FM;FSM;583;102,800
MOLDOVA, REPUBLIC OF                        ;MD;MDA;498;3,550,900
MONACO                                      ;MC;MCO;492;38,400
MONGOLIA                                    ;MN;MNG;496;3,140,700
MONTENEGRO                                  ;ME;MNE;382;622,159
MONTSERRAT                                  ;MS;MSR;500;4,922
MOROCCO                                     ;MA;MAR;504;34,278,900
MOZAMBIQUE                                  ;MZ;MOZ;508;26,423,700
MYANMAR                                     ;MM;MMR;104;54,836,000
NAMIBIA                                     ;NA;NAM;516;2,324,388
NAURU                                       ;NR;NRU;520;10,084
NEPAL                                       ;NP;NPL;524;28,825,709
NETHERLANDS                                 ;NL;NLD;528;17,118,800
NETHERLANDS ANTILLES                        ;AN;ANT;530;
NEW CALEDONIA                               ;NC;NCL;540;268,767
NEW ZEALAND                                 ;NZ;NZL;554;4,784,720
NICARAGUA                                   ;NI;NIC;558;6,262,703
NIGER                                       ;NE;NER;562;21,564,000
NIGERIA                                     ;NG;NGA;566;191,836,000
NIUE                                        ;NU;NIU;570;1,470
NORFOLK ISLAND                              ;NF;NFK;574;2,302
NORTHERN MARIANA ISLANDS                    ;MP;MNP;580;56,940
NORWAY                                      ;NO;NOR;578;5,258,317
OMAN                                        ;OM;OMN;512;4,573,075
PAKISTAN                                    ;PK;PAK;586;196,855,000
PALAU                                       ;PW;PLW;585;17,950
PALESTINIAN TERRITORY, Occupied             ;PS;PSE;275;4,816,503
PANAMA                                      ;PA;PAN;591;3,814,672
PAPUA NEW GUINEA                            ;PG;PNG;598;8,151,300
PARAGUAY                                    ;PY;PRY;600;6,953,646
PERU                                        ;PE;PER;604;31,488,700
PHILIPPINES                                 ;PH;PHL;608;103,850,000
PITCAIRN                                    ;PN;PCN;612;57
POLAND                                      ;PL;POL;616;38,439,000
PORTUGAL                                    ;PT;PRT;620;10,341,330
PUERTO RICO                                 ;PR;PRI;630;3,411,307
QATAR                                       ;QA;QAT;634;2,576,181
REUNION                                     ;RE;REU;638;
ROMANIA                                     ;RO;ROU;642;19,760,000
RUSSIAN FEDERATION                          ;RU;RUS;643;146,804,372
RWANDA                                      ;RW;RWA;646;11,553,188
SAINT HELENA                                ;SH;SHN;654;5,633
SAINT KITTS AND NEVIS                       ;KN;KNA;659;46,204
SAINT LUCIA                                 ;LC;LCA;662;186,000
SAINT PIERRE AND MIQUELON                   ;PM;SPM;666;6,286
SAINT VINCENT AND THE GRENADINES            ;VC;VCT;670;109,991
SAMOA                                       ;WS;WSM;882;194,899
SAN MARINO                                  ;SM;SMR;674;33,121
SAO TOME AND PRINCIPE                       ;ST;STP;678;
SAUDI ARABIA                                ;SA;SAU;682;33,638,243
SENEGAL                                     ;SN;SEN;686;15,256,346
SERBIA                                      ;RS;SRB;891;7,076,372
SEYCHELLES                                  ;SC;SYC;381;94,677
SIERRA LEONE                                ;SL;SLE;694;7,075,641
SINGAPORE                                   ;SG;SGP;702;5,607,300
SLOVAKIA                                    ;SK;SVK;703;5,435,343
SLOVENIA                                    ;SI;SVN;705;2,064,241
SOLOMON ISLANDS                             ;SB;SLB;090;642,000
SOMALIA                                     ;SO;SOM;706;11,079,000
SOUTH AFRICA                                ;ZA;ZAF;710;55,908,000
SOUTH GEORGIA AND THE SOUTH SANDWICH ISLANDS;GS;SGS;239;
SPAIN                                       ;ES;ESP;724;46,812,000
SRI LANKA                                   ;LK;LKA;144;21,203,000
SUDAN                                       ;SD;SDN;736;42,176,000
SURINAME                                    ;SR;SUR;740;541,638
SVALBARD AND JAN MAYEN ISLANDS              ;SJ;SJM;744;
SWAZILAND                                   ;SZ;SWZ;748;1,132,657
SWEDEN                                      ;SE;SWE;752;10,036,300
SWITZERLAND                                 ;CH;CHE;756;8,417,700
SYRIAN ARAB REPUBLIC                        ;SY;SYR;760;18,907,000
TAIWAN                                      ;TW;TWN;158;23,544,189
TAJIKISTAN                                  ;TJ;TJK;762;8,742,000
TANZANIA, UNITED REPUBLIC OF                ;TZ;TZA;834;56,878,000
THAILAND                                    ;TH;THA;764;68,298,000
TIMOR-LESTE                                 ;TL;TLS;626;1,167,242
TOGO                                        ;TG;TGO;768;7,143,000
TOKELAU                                     ;TK;TKL;772;1,411
TONGA                                       ;TO;TON;776;103,252
TRINIDAD AND TOBAGO                         ;TT;TTO;780;1,353,895
TUNISIA                                     ;TN;TUN;788;11,299,400
TURKEY                                      ;TR;TUR;792;79,814,871
TURKMENISTAN                                ;TM;TKM;795;4,751,120
TURKS AND CAICOS ISLANDS                    ;TC;TCA;796;31,458
TUVALU                                      ;TV;TUV;798;10,640
UGANDA                                      ;UG;UGA;800;36,860,700
UKRAINE                                     ;UA;UKR;804;42,584,500
UNITED ARAB EMIRATES                        ;AE;ARE;784;9,856,000
UNITED KINGDOM                              ;GB;GBR;826;65,110,000
UNITED STATES                               ;US;USA;840;324,784,000
UNITED STATES MINOR OUTLYING ISLANDS        ;UM;UMI;581;
URUGUAY                                     ;UY;URY;858;3,480,222
UZBEKISTAN                                  ;UZ;UZB;860;32,121,000
VANUATU                                     ;VU;VUT;548;277,500
VATICAN CITY STATE (HOLY SEE)               ;VA;VAT;336;842
VENEZUELA                                   ;VE;VEN;862;31,028,700
VIET NAM                                    ;VN;VNM;704;92,700,000
VIRGIN ISLANDS (BRITISH)                    ;VG;VGB;092;28,514
VIRGIN ISLANDS (U.S.)                       ;VI;VIR;850;106,000
WALLIS AND FUTUNA ISLANDS                   ;WF;WLF;876;11,750
WESTERN SAHARA                              ;EH;ESH;732;584,000
YEMEN                                       ;YE;YEM;887;28,120,000
ZAMBIA                                      ;ZM;ZMB;894;15,933,883
ZIMBABWE                                    ;ZW;ZWE;716;14,240,168